{
  "batchName": "",
  "batchTime": 1712641877,
  "boardConf": "nIR-C00M00-00",
  "boardCustom": "",
  "boardName": "DM9098",
  "boardOptions": 1048580,
  "boardRev": "R6M2E6",
  "cameraData": [
    [
      2,
      {
        "cameraType": 0,
        "distortionCoeff": [
          -10.328907732452992,
          62.158524754424626,
          -0.0051741215971934495,
          -0.0018635946183253515,
          97.53579036572245,
          -10.948200056098601,
          69.42591858095167,
          54.627733073904714,
          0.0,
          0.0,
          0.0,
          0.0,
          0.0,
          0.0
        ],
        "extrinsics": {
          "rotationMatrix": [
            [
              0.9989612449165522,
              -0.015144084865826146,
              0.042977759927067496
            ],
            [
              0.015372592287065709,
              0.9998693763617104,
              -0.004991354567650246
            ],
            [
              -0.04289655651853236,
              0.005646849353490019,
              0.999063560806434
            ]
          ],
          "specTranslation": {
            "x": 3.75,
            "y": 0.0,
            "z": 0.0
          },
          "toCameraSocket": 0,
          "translation": {
            "x": 3.7550992197127044,
            "y": 0.3686502891213124,
            "z": 0.14161824126292963
          }
        },
        "height": 800,
        "intrinsicMatrix": [
          [
            1067.7942360325158,
            0.0,
            625.7385395015322
          ],
          [
            0.0,
            1069.0649578408347,
            391.22566909328384
          ],
          [
            0.0,
            0.0,
            1.0
          ]
        ],
        "lensPosition": 0,
        "specHfovDeg": 71.86000061035156,
        "width": 1280
      }
    ],
    [
      0,
      {
        "cameraType": 0,
        "distortionCoeff": [
          0.41958999396767266,
          1.511483737468713,
          0.003172619275278569,
          -0.12300053742589608,
          -29.14902573998541,
          -0.165987611249131,
          0.6258415880675036,
          -22.214386675150156,
          0.0,
          0.0,
          0.0,
          0.0,
          0.0,
          0.0
        ],
        "extrinsics": {
          "rotationMatrix": [
            [
              0.0,
              0.0,
              0.0
            ],
            [
              0.0,
              0.0,
              0.0
            ],
            [
              0.0,
              0.0,
              0.0
            ]
          ],
          "specTranslation": {
            "x": -0.0,
            "y": -0.0,
            "z": -0.0
          },
          "toCameraSocket": -1,
          "translation": {
            "x": 0.0,
            "y": 0.0,
            "z": 0.0
          }
        },
        "height": 3040,
        "intrinsicMatrix": [
          [
            9548.093260733709,
            0.0,
            2685.519741033494
          ],
          [
            0.0,
            9272.517723395056,
            2323.726647916937
          ],
          [
            0.0,
            0.0,
            1.0
          ]
        ],
        "lensPosition": 127,
        "specHfovDeg": 68.7938003540039,
        "width": 4048
      }
    ],
    [
      1,
      {
        "cameraType": 0,
        "distortionCoeff": [
          14.887327818854118,
          -51.639089553673166,
          -0.005475254502942325,
          0.006399536449365217,
          24.193231939821796,
          13.946163226264101,
          -52.92650571041007,
          32.54381823439577,
          0.0,
          0.0,
          0.0,
          0.0,
          0.0,
          0.0
        ],
        "extrinsics": {
          "rotationMatrix": [
            [
              0.9998628002613197,
              0.007249761873655928,
              -0.014893676724285942
            ],
            [
              -0.007308843382597015,
              0.9999656211446166,
              -0.003916291264658074
            ],
            [
              0.014864772517631065,
              0.004024609501088796,
              0.999881413496802
            ]
          ],
          "specTranslation": {
            "x": -7.5,
            "y": 0.0,
            "z": 0.0
          },
          "toCameraSocket": 2,
          "translation": {
            "x": -7.544676928639427,
            "y": 0.05373377613891246,
            "z": -0.06636334729265042
          }
        },
        "height": 800,
        "intrinsicMatrix": [
          [
            1064.3265224477443,
            0.0,
            644.4190081318
          ],
          [
            0.0,
            1065.9412434185454,
            378.62755728798396
          ],
          [
            0.0,
            0.0,
            1.0
          ]
        ],
        "lensPosition": 0,
        "specHfovDeg": 71.86000061035156,
        "width": 1280
      }
    ]
  ],
  "deviceName": "",
  "hardwareConf": "F0-FV00-BC001",
  "housingExtrinsics": {
    "rotationMatrix": [],
    "specTranslation": {
      "x": 0.0,
      "y": 0.0,
      "z": 0.0
    },
    "toCameraSocket": -1,
    "translation": {
      "x": 0.0,
      "y": 0.0,
      "z": 0.0
    }
  },
  "imuExtrinsics": {
    "rotationMatrix": [
      [
        0.0,
        0.0,
        0.0
      ],
      [
        0.0,
        0.0,
        0.0
      ],
      [
        0.0,
        0.0,
        0.0
      ]
    ],
    "specTranslation": {
      "x": 0.0,
      "y": 0.0,
      "z": 0.0
    },
    "toCameraSocket": -1,
    "translation": {
      "x": 0.0,
      "y": 0.0,
      "z": 0.0
    }
  },
  "miscellaneousData": [],
  "productName": "OAK-D-S2-AF",
  "stereoEnableDistortionCorrection": true,
  "stereoRectificationData": {
    "leftCameraSocket": 1,
    "rectifiedRotationLeft": [
      [
        0.9999815616761067,
        0.00016331911451514591,
        -0.006070389994195469
      ],
      [
        -0.00017543376152514908,
        0.9999979941658278,
        -0.0019952161077175326
      ],
      [
        0.006070051961071801,
        0.001996244270627311,
        0.9999795845306053
      ]
    ],
    "rectifiedRotationRight": [
      [
        0.9999359589180132,
        -0.0071216217046740984,
        0.008795485603921502
      ],
      [
        0.007104053743477284,
        0.9999727114447035,
        0.002027014143414636
      ],
      [
        -0.008809681215745662,
        -0.001964400728805447,
        0.999959264493636
      ]
    ],
    "rightCameraSocket": 2
  },
  "stereoUseSpecTranslation": false,
  "version": 7,
  "verticalCameraSocket": -1
}